"Player","Team","3P","3PA","Season"
"Antoine Walker","ATL",85,268,2005
"Tony Delk","ATL",72,202,2005
"Tyronn Lue","ATL",40,110,2005
"Al Harrington","ATL",16,74,2005
"Predrag Drobnjak","ATL",25,71,2005
"Paul Pierce","BOS",108,292,2005
"Raef LaFrentz","BOS",82,225,2005
"Ricky Davis","BOS",61,180,2005
"Gary Payton","BOS",42,129,2005
"Jiří Welsch","BOS",32,99,2005
"Jason Kapono","CHA",80,194,2005
"Keith Bogans","CHA",57,173,2005
"Kareem Rush","CHA",49,127,2005
"Jason Hart","CHA",35,95,2005
"Steve Smith","CHA",38,90,2005
"Kirk Hinrich","CHI",145,408,2005
"Ben Gordon","CHI",134,331,2005
"Chris Duhon","CHI",94,265,2005
"Eric Piatkowski","CHI",57,134,2005
"Luol Deng","CHI",31,117,2005
"LeBron James","CLE",108,308,2005
"Jeff McInnis","CLE",91,264,2005
"Sasha Pavlović","CLE",30,78,2005
"Lucious Harris","CLE",21,65,2005
"Ira Newble","CLE",19,53,2005
"Michael Finley","DAL",116,285,2005
"Jason Terry","DAL",103,245,2005
"Dirk Nowitzki","DAL",91,228,2005
"Devin Harris","DAL",44,131,2005
"Jerry Stackhouse","DAL",32,120,2005
"Earl Boykins","DEN",56,166,2005
"Carmelo Anthony","DEN",42,158,2005
"Bryon Russell","DEN",56,149,2005
"DerMarr Johnson","DEN",53,148,2005
"Greg Buckner","DEN",49,121,2005
"Chauncey Billups","DET",165,387,2005
"Rasheed Wallace","DET",75,236,2005
"Tayshaun Prince","DET",47,138,2005
"Richard Hamilton","DET",36,118,2005
"Lindsey Hunter","DET",23,84,2005
"Jason Richardson","GSW",125,370,2005
"Derek Fisher","GSW",108,291,2005
"Mike Dunleavy","GSW",107,276,2005
"Baron Davis","GSW",74,217,2005
"Mickaël Piétrus","GSW",67,195,2005
"Tracy McGrady","HOU",142,435,2005
"David Wesley","HOU",90,235,2005
"Bob Sura","HOU",55,155,2005
"Jim Jackson","HOU",54,147,2005
"Jon Barry","HOU",60,133,2005
"Reggie Miller","IND",96,298,2005
"Stephen Jackson","IND",103,286,2005
"Fred Jones","IND",87,229,2005
"Austin Croshere","IND",45,174,2005
"James Jones","IND",66,166,2005
"Corey Maggette","LAC",51,168,2005
"Marko Jarić","LAC",56,151,2005
"Rick Brunson","LAC",48,130,2005
"Bobby Simmons","LAC",50,115,2005
"Lionel Chalmers","LAC",12,49,2005
"Chucky Atkins","LAL",176,455,2005
"Kobe Bryant","LAL",131,387,2005
"Jumaine Jones","LAL",102,261,2005
"Brian Cook","LAL",78,199,2005
"Caron Butler","LAL",38,125,2005
"Jason Williams","MEM",107,330,2005
"Mike Miller","MEM",140,323,2005
"James Posey","MEM",55,178,2005
"Shane Battier","MEM",70,177,2005
"Earl Watson","MEM",52,163,2005
"Damon Jones","MIA",225,521,2005
"Eddie Jones","MIA",142,382,2005
"Rasual Butler","MIA",57,153,2005
"Keyon Dooling","MIA",19,75,2005
"Dwyane Wade","MIA",13,45,2005
"Michael Redd","MIL",104,293,2005
"Mike James","MIL",58,152,2005
"Toni Kukoč","MIL",42,116,2005
"Mo Williams","MIL",32,99,2005
"Erick Strickland","MIL",21,83,2005
"Troy Hudson","MIN",89,258,2005
"Latrell Sprewell","MIN",69,211,2005
"Eddie Griffin","MIN",67,204,2005
"Wally Szczerbiak","MIN",63,169,2005
"Fred Hoiberg","MIN",70,145,2005
"Jason Kidd","NJN",129,358,2005
"Vince Carter","NJN",108,254,2005
"Rodney Buford","NJN",34,108,2005
"Richard Jefferson","NJN",30,89,2005
"Travis Best","NJN",26,85,2005
"J.R. Smith","NOH",81,281,2005
"Dan Dickau","NOH",84,242,2005
"Boštjan Nachbar","NOH",65,175,2005
"Baron Davis","NOH",44,137,2005
"Rodney Rogers","NOH",25,92,2005
"Jamal Crawford","NYK",185,512,2005
"Stephon Marbury","NYK",115,325,2005
"Tim Thomas","NYK",85,208,2005
"Allan Houston","NYK",31,80,2005
"Anfernee Hardaway","NYK",15,50,2005
"Hedo Türkoğlu","ORL",93,245,2005
"Pat Garrity","ORL",49,147,2005
"Jameer Nelson","ORL",44,141,2005
"Steve Francis","ORL",38,127,2005
"Cuttino Mobley","ORL",58,125,2005
"Kyle Korver","PHI",226,558,2005
"Allen Iverson","PHI",104,338,2005
"Andre Iguodala","PHI",47,142,2005
"Willie Green","PHI",30,105,2005
"John Salmons","PHI",31,91,2005
"Quentin Richardson","PHO",226,631,2005
"Joe Johnson","PHO",177,370,2005
"Shawn Marion","PHO",114,341,2005
"Steve Nash","PHO",94,218,2005
"Jim Jackson","PHO",68,148,2005
"Damon Stoudamire","POR",181,490,2005
"Nick Van Exel","POR",100,257,2005
"Derek Anderson","POR",58,151,2005
"Richie Frahm","POR",31,80,2005
"Sebastian Telfair","POR",17,69,2005
"Peja Stojaković","SAC",174,433,2005
"Mike Bibby","SAC",131,364,2005
"Cuttino Mobley","SAC",92,217,2005
"Bobby Jackson","SAC",33,96,2005
"Maurice Evans","SAC",27,82,2005
"Brent Barry","SAS",100,280,2005
"Manu Ginóbili","SAS",97,258,2005
"Bruce Bowen","SAS",102,253,2005
"Tony Parker","SAS",43,156,2005
"Beno Udrih","SAS",58,142,2005
"Ray Allen","SEA",209,556,2005
"Rashard Lewis","SEA",173,432,2005
"Vladimir Radmanović","SEA",128,329,2005
"Luke Ridnour","SEA",67,178,2005
"Antonio Daniels","SEA",49,165,2005
"Rafer Alston","TOR",139,389,2005
"Donyell Marshall","TOR",151,363,2005
"Morris Peterson","TOR",129,335,2005
"Jalen Rose","TOR",108,274,2005
"Lamond Murray","TOR",46,105,2005
"Raja Bell","UTA",54,134,2005
"Gordan Giriček","UTA",38,105,2005
"Howard Eisley","UTA",27,103,2005
"Kirk Snyder","UTA",30,85,2005
"Andrei Kirilenko","UTA",23,77,2005
"Gilbert Arenas","WAS",205,562,2005
"Larry Hughes","WAS",59,209,2005
"Antawn Jamison","WAS",71,208,2005
"Juan Dixon","WAS",48,147,2005
"Jarvis Hayes","WAS",42,123,2005
"Joe Johnson","ATL",119,312,2007
"Tyronn Lue","ATL",56,161,2007
"Salim Stoudamire","ATL",56,155,2007
"Josh Smith","ATL",38,152,2007
"Josh Childress","ATL",26,77,2007
"Paul Pierce","BOS",107,275,2007
"Gerald Green","BOS",95,258,2007
"Delonte West","BOS",65,178,2007
"Sebastian Telfair","BOS",37,128,2007
"Allan Ray","BOS",48,116,2007
"Raymond Felton","CHA",103,312,2007
"Matt Carroll","CHA",111,267,2007
"Adam Morrison","CHA",87,258,2007
"Derek Anderson","CHA",54,152,2007
"Gerald Wallace","CHA",39,120,2007
"Ben Gordon","CHI",155,375,2007
"Kirk Hinrich","CHI",140,337,2007
"Chris Duhon","CHI",88,245,2007
"Andrés Nocioni","CHI",80,209,2007
"Thabo Sefolosha","CHI",15,42,2007
"LeBron James","CLE",99,310,2007
"Donyell Marshall","CLE",95,271,2007
"Damon Jones","CLE",89,231,2007
"Larry Hughes","CLE",74,222,2007
"Sasha Pavlović","CLE",60,148,2007
"Jason Terry","DAL",162,370,2007
"Josh Howard","DAL",92,239,2007
"Dirk Nowitzki","DAL",72,173,2007
"Jerry Stackhouse","DAL",62,162,2007
"Devean George","DAL",53,150,2007
"J.R. Smith","DEN",149,382,2007
"Linas Kleiza","DEN",83,221,2007
"Yakhouba Diawara","DEN",49,170,2007
"Carmelo Anthony","DEN",40,149,2007
"Allen Iverson","DEN",50,144,2007
"Chauncey Billups","DET",109,316,2007
"Rasheed Wallace","DET",104,296,2007
"Tayshaun Prince","DET",81,210,2007
"Carlos Delfino","DET",46,138,2007
"Richard Hamilton","DET",44,129,2007
"Jason Richardson","GSW",110,301,2007
"Matt Barnes","GSW",106,290,2007
"Baron Davis","GSW",85,280,2007
"Mickaël Piétrus","GSW",93,240,2007
"Al Harrington","GSW",73,175,2007
"Rafer Alston","HOU",192,529,2007
"Luther Head","HOU",177,401,2007
"Tracy McGrady","HOU",126,381,2007
"Shane Battier","HOU",157,373,2007
"John Lucas III","HOU",15,59,2007
"Danny Granger","IND",110,288,2007
"Darrell Armstrong","IND",72,214,2007
"Jamaal Tinsley","IND",61,193,2007
"Stephen Jackson","IND",41,138,2007
"Mike Dunleavy","IND",34,120,2007
"Tim Thomas","LAC",136,356,2007
"Cuttino Mobley","LAC",101,246,2007
"Sam Cassell","LAC",32,109,2007
"Corey Maggette","LAC",13,65,2007
"Daniel Ewing","LAC",14,44,2007
"Kobe Bryant","LAL",137,398,2007
"Smush Parker","LAL",110,301,2007
"Lamar Odom","LAL",54,182,2007
"Sasha Vujačić","LAL",60,161,2007
"Jordan Farmar","LAL",45,137,2007
"Mike Miller","MEM",202,498,2007
"Chucky Atkins","MEM",116,306,2007
"Damon Stoudamire","MEM",59,175,2007
"Rudy Gay","MEM",52,143,2007
"Eddie Jones","MEM",22,74,2007
"Antoine Walker","MIA",84,305,2007
"Jason Williams","MIA",100,295,2007
"James Posey","MIA",97,259,2007
"Jason Kapono","MIA",108,210,2007
"Eddie Jones","MIA",56,148,2007
"Charlie Bell","MIL",127,361,2007
"Michael Redd","MIL",117,306,2007
"Mo Williams","MIL",79,228,2007
"Ersan İlyasova","MIL",54,148,2007
"Earl Boykins","MIL",54,129,2007
"Ricky Davis","MIN",123,310,2007
"Mike James","MIN",80,215,2007
"Randy Foye","MIN",68,185,2007
"Marko Jarić","MIN",32,85,2007
"Troy Hudson","MIN",28,80,2007
"Vince Carter","NJN",156,437,2007
"Jason Kidd","NJN",124,361,2007
"Boštjan Nachbar","NJN",112,265,2007
"Eddie House","NJN",75,175,2007
"Marcus Williams","NJN",46,163,2007
"Rasual Butler","NOK",134,363,2007
"Devin Brown","NOK",81,227,2007
"Jannero Pargo","NOK",81,209,2007
"Bobby Jackson","NOK",54,165,2007
"Chris Paul","NOK",50,143,2007
"Stephon Marbury","NYK",123,345,2007
"Jamal Crawford","NYK",103,322,2007
"Quentin Richardson","NYK",97,258,2007
"Nate Robinson","NYK",83,213,2007
"Steve Francis","NYK",42,111,2007
"Hedo Türkoğlu","ORL",109,281,2007
"Jameer Nelson","ORL",65,194,2007
"Keith Bogans","ORL",53,137,2007
"JJ Redick","ORL",38,98,2007
"Keyon Dooling","ORL",31,96,2007
"Kyle Korver","PHI",132,307,2007
"Willie Green","PHI",51,157,2007
"Andre Iguodala","PHI",48,155,2007
"Rodney Carney","PHI",25,72,2007
"Allen Iverson","PHI",12,53,2007
"Raja Bell","PHO",205,496,2007
"Leandro Barbosa","PHO",190,438,2007
"Steve Nash","PHO",156,343,2007
"Shawn Marion","PHO",80,252,2007
"James Jones","PHO",90,238,2007
"Martell Webster","POR",91,250,2007
"Ime Udoka","POR",89,219,2007
"Jarrett Jack","POR",63,180,2007
"Brandon Roy","POR",55,146,2007
"Juan Dixon","POR",52,143,2007
"Mike Bibby","SAC",173,481,2007
"Kevin Martin","SAC",127,333,2007
"Metta World Peace","SAC",93,260,2007
"Francisco García","SAC",53,149,2007
"John Salmons","SAC",40,112,2007
"Manu Ginóbili","SAS",128,323,2007
"Brent Barry","SAS",128,287,2007
"Michael Finley","SAS",104,286,2007
"Bruce Bowen","SAS",89,232,2007
"Robert Horry","SAS",50,149,2007
"Ray Allen","SEA",165,443,2007
"Rashard Lewis","SEA",151,387,2007
"Earl Watson","SEA",92,280,2007
"Luke Ridnour","SEA",49,139,2007
"Damien Wilkins","SEA",50,122,2007
"Morris Peterson","TOR",106,295,2007
"Andrea Bargnani","TOR",100,268,2007
"Anthony Parker","TOR",115,261,2007
"Jorge Garbajosa","TOR",66,193,2007
"Fred Jones","TOR",32,101,2007
"Mehmet Okur","UTA",129,336,2007
"Deron Williams","UTA",82,255,2007
"Derek Fisher","UTA",48,156,2007
"Gordan Giriček","UTA",52,122,2007
"Andrei Kirilenko","UTA",16,75,2007
"Gilbert Arenas","WAS",205,584,2007
"Antawn Jamison","WAS",138,379,2007
"DeShawn Stevenson","WAS",74,183,2007
"Jarvis Hayes","WAS",66,183,2007
"Roger Mason","WAS",33,102,2007
"Mike Bibby","ATL",167,428,2009
"Joe Johnson","ATL",149,414,2009
"Maurice Evans","ATL",98,248,2009
"Ronald Murray","ATL",87,242,2009
"Marvin Williams","ATL",55,155,2009
"Ray Allen","BOS",199,486,2009
"Eddie House","BOS",151,340,2009
"Paul Pierce","BOS",119,304,2009
"Brian Scalabrine","BOS",24,61,2009
"Rajon Rondo","BOS",15,48,2009
"D.J. Augustin","CHA",108,246,2009
"Raymond Felton","CHA",59,207,2009
"Raja Bell","CHA",70,177,2009
"Boris Diaw","CHA",70,167,2009
"Gerald Wallace","CHA",39,131,2009
"Ben Gordon","CHI",173,422,2009
"Andrés Nocioni","CHI",79,209,2009
"Kirk Hinrich","CHI",69,169,2009
"John Salmons","CHI",49,118,2009
"Larry Hughes","CHI",40,102,2009
"Mo Williams","CLE",183,420,2009
"LeBron James","CLE",132,384,2009
"Daniel Gibson","CLE",108,283,2009
"Delonte West","CLE",91,228,2009
"Wally Szczerbiak","CLE",69,168,2009
"Jason Terry","DAL",167,456,2009
"Jason Kidd","DAL",131,323,2009
"Dirk Nowitzki","DAL",61,170,2009
"Josh Howard","DAL",58,168,2009
"J.J. Barea","DAL",55,154,2009
"J.R. Smith","DEN",180,453,2009
"Chauncey Billups","DEN",160,390,2009
"Linas Kleiza","DEN",87,267,2009
"Carmelo Anthony","DEN",63,170,2009
"Anthony Carter","DEN",21,88,2009
"Rasheed Wallace","DET",113,319,2009
"Richard Hamilton","DET",70,190,2009
"Tayshaun Prince","DET",56,141,2009
"Walter Herrmann","DET",41,120,2009
"Arron Afflalo","DET",43,107,2009
"Jamal Crawford","GSW",107,317,2009
"Stephen Jackson","GSW",103,305,2009
"Kelenna Azubuike","GSW",94,210,2009
"Anthony Morrow","GSW",86,184,2009
"Marco Belinelli","GSW",52,131,2009
"Metta World Peace","HOU",153,383,2009
"Aaron Brooks","HOU",113,309,2009
"Shane Battier","HOU",91,237,2009
"Rafer Alston","HOU",80,230,2009
"Von Wafer","HOU",64,164,2009
"Danny Granger","IND",182,450,2009
"Troy Murphy","IND",161,358,2009
"Jarrett Jack","IND",78,221,2009
"Brandon Rush","IND",78,209,2009
"Travis Diener","IND",46,118,2009
"Eric Gordon","LAC",131,337,2009
"Baron Davis","LAC",99,328,2009
"Steve Novak","LAC",119,286,2009
"Fred Jones","LAC",54,147,2009
"Ricky Davis","LAC",35,111,2009
"Kobe Bryant","LAL",118,336,2009
"Derek Fisher","LAL",120,302,2009
"Sasha Vujačić","LAL",81,223,2009
"Trevor Ariza","LAL",61,191,2009
"Jordan Farmar","LAL",49,146,2009
"O.J. Mayo","MEM",145,378,2009
"Rudy Gay","MEM",85,242,2009
"Mike Conley","MEM",88,217,2009
"Quinton Ross","MEM",33,88,2009
"Kyle Lowry","MEM",17,69,2009
"Daequan Cook","MIA",153,395,2009
"Mario Chalmers","MIA",114,311,2009
"Dwyane Wade","MIA",88,278,2009
"Yakhouba Diawara","MIA",51,163,2009
"Chris Quinn","MIA",56,137,2009
"Richard Jefferson","MIL",116,292,2009
"Charlie Villanueva","MIL",89,258,2009
"Charlie Bell","MIL",87,240,2009
"Michael Redd","MIL",70,191,2009
"Luke Ridnour","MIL",55,157,2009
"Randy Foye","MIN",111,308,2009
"Ryan Gomes","MIN",106,285,2009
"Rodney Carney","MIN",79,226,2009
"Mike Miller","MIN",85,225,2009
"Sebastian Telfair","MIN",73,211,2009
"Vince Carter","NJN",151,392,2009
"Bobby Simmons","NJN",117,262,2009
"Jarvis Hayes","NJN",94,244,2009
"Keyon Dooling","NJN",99,235,2009
"Devin Harris","NJN",64,220,2009
"Peja Stojaković","NOH",145,384,2009
"Rasual Butler","NOH",140,359,2009
"James Posey","NOH",116,314,2009
"Chris Paul","NOH",64,176,2009
"Devin Brown","NOH",28,97,2009
"Al Harrington","NYK",160,442,2009
"Nate Robinson","NYK",125,385,2009
"Quentin Richardson","NYK",120,329,2009
"Chris Duhon","NYK",127,325,2009
"Wilson Chandler","NYK",103,314,2009
"Jeff Green","OKC",96,247,2009
"Kevin Durant","OKC",97,230,2009
"Russell Westbrook","OKC",35,129,2009
"Kyle Weaver","OKC",32,93,2009
"Earl Watson","OKC",20,85,2009
"Rashard Lewis","ORL",220,554,2009
"Hedo Türkoğlu","ORL",134,376,2009
"Mickaël Piétrus","ORL",80,223,2009
"Courtney Lee","ORL",82,203,2009
"Jameer Nelson","ORL",82,181,2009
"Andre Iguodala","PHI",80,261,2009
"Lou Williams","PHI",63,220,2009
"Thaddeus Young","PHI",56,164,2009
"Willie Green","PHI",51,161,2009
"Royal Ivey","PHI",39,114,2009
"Matt Barnes","PHO",117,341,2009
"Jason Richardson","PHO",102,266,2009
"Steve Nash","PHO",108,246,2009
"Leandro Barbosa","PHO",90,240,2009
"Raja Bell","PHO",44,94,2009
"Rudy Fernández","POR",159,398,2009
"Steve Blake","POR",140,328,2009
"Travis Outlaw","POR",89,236,2009
"Brandon Roy","POR",83,220,2009
"Nicolas Batum","POR",62,168,2009
"Kevin Martin","SAC",115,277,2009
"Francisco García","SAC",88,221,2009
"Bobby Jackson","SAC",60,197,2009
"John Salmons","SAC",77,184,2009
"Spencer Hawes","SAC",40,115,2009
"Roger Mason","SAS",166,394,2009
"Michael Finley","SAS",131,319,2009
"Matt Bonner","SAS",118,268,2009
"Manu Ginóbili","SAS",69,209,2009
"Ime Udoka","SAS",41,125,2009
"Andrea Bargnani","TOR",119,291,2009
"Anthony Parker","TOR",94,241,2009
"Jason Kapono","TOR",98,229,2009
"José Calderón","TOR",82,202,2009
"Jamario Moon","TOR",38,110,2009
"Kyle Korver","UTA",103,267,2009
"Deron Williams","UTA",70,226,2009
"Mehmet Okur","UTA",90,202,2009
"C.J. Miles","UTA",63,179,2009
"Ronnie Brewer","UTA",22,85,2009
"Antawn Jamison","WAS",112,319,2009
"Caron Butler","WAS",65,210,2009
"Mike James","WAS",66,180,2009
"Nick Young","WAS",56,164,2009
"DeShawn Stevenson","WAS",35,129,2009
"Jamal Crawford","ATL",119,349,2011
"Joe Johnson","ATL",89,300,2011
"Mike Bibby","ATL",113,256,2011
"Josh Smith","ATL",51,154,2011
"Marvin Williams","ATL",37,110,2011
"Ray Allen","BOS",168,378,2011
"Paul Pierce","BOS",111,297,2011
"Nate Robinson","BOS",63,192,2011
"Von Wafer","BOS",18,67,2011
"Rajon Rondo","BOS",10,43,2011
"Stephen Jackson","CHA",121,359,2011
"D.J. Augustin","CHA",111,333,2011
"Boris Diaw","CHA",78,226,2011
"Gerald Wallace","CHA",35,106,2011
"Matt Carroll","CHA",17,46,2011
"Derrick Rose","CHI",128,385,2011
"Luol Deng","CHI",115,333,2011
"Kyle Korver","CHI",120,289,2011
"Keith Bogans","CHI",90,237,2011
"C.J. Watson","CHI",44,112,2011
"Daniel Gibson","CLE",118,293,2011
"Antawn Jamison","CLE",91,263,2011
"Anthony Parker","CLE",86,227,2011
"Mo Williams","CLE",36,136,2011
"Jamario Moon","CLE",27,95,2011
"Jason Kidd","DAL",133,391,2011
"Jason Terry","DAL",127,351,2011
"DeShawn Stevenson","DAL",94,249,2011
"J.J. Barea","DAL",66,189,2011
"Dirk Nowitzki","DAL",66,168,2011
"Al Harrington","DEN",117,328,2011
"J.R. Smith","DEN",124,318,2011
"Arron Afflalo","DEN",105,248,2011
"Chauncey Billups","DEN",105,238,2011
"Ty Lawson","DEN",69,171,2011
"Charlie Villanueva","DET",125,323,2011
"Ben Gordon","DET",107,266,2011
"Austin Daye","DET",69,172,2011
"Richard Hamilton","DET",55,144,2011
"Tayshaun Prince","DET",34,98,2011
"Dorell Wright","GSW",194,516,2011
"Monta Ellis","GSW",137,379,2011
"Stephen Curry","GSW",151,342,2011
"Reggie Williams","GSW",102,241,2011
"Vladimir Radmanović","GSW",70,173,2011
"Kevin Martin","HOU",176,459,2011
"Kyle Lowry","HOU",129,343,2011
"Chase Budinger","HOU",89,274,2011
"Shane Battier","HOU",88,225,2011
"Courtney Lee","HOU",71,174,2011
"Danny Granger","IND",157,407,2011
"Mike Dunleavy","IND",102,254,2011
"Brandon Rush","IND",93,223,2011
"James Posey","IND",67,212,2011
"A.J. Price","IND",41,149,2011
"Eric Gordon","LAC",106,291,2011
"Randy Foye","LAC",71,217,2011
"Ryan Gomes","LAC",72,211,2011
"Baron Davis","LAC",45,152,2011
"Al-Farouq Aminu","LAC",45,143,2011
"Kobe Bryant","LAL",115,356,2011
"Metta World Peace","LAL",83,233,2011
"Shannon Brown","LAL",74,212,2011
"Steve Blake","LAL",73,193,2011
"Lamar Odom","LAL",68,178,2011
"O.J. Mayo","MEM",96,264,2011
"Mike Conley","MEM",80,217,2011
"Rudy Gay","MEM",57,144,2011
"Greivis Vásquez","MEM",25,86,2011
"Sam Young","MEM",17,50,2011
"James Jones","MIA",123,287,2011
"LeBron James","MIA",92,279,2011
"Mario Chalmers","MIA",83,231,2011
"Dwyane Wade","MIA",63,206,2011
"Eddie House","MIA",68,175,2011
"Brandon Jennings","MIL",98,303,2011
"Carlos Delfino","MIL",105,284,2011
"Keyon Dooling","MIL",81,234,2011
"John Salmons","MIL",83,219,2011
"Ersan İlyasova","MIL",36,121,2011
"Wesley Johnson","MIN",103,289,2011
"Kevin Love","MIN",88,211,2011
"Luke Ridnour","MIN",81,184,2011
"Michael Beasley","MIN",60,164,2011
"Martell Webster","MIN",55,132,2011
"Jordan Farmar","NJN",109,304,2011
"Anthony Morrow","NJN",110,260,2011
"Sasha Vujačić","NJN",94,255,2011
"Travis Outlaw","NJN",76,252,2011
"Devin Harris","NJN",33,110,2011
"Marco Belinelli","NOH",134,324,2011
"Trevor Ariza","NOH",82,271,2011
"Chris Paul","NOH",71,183,2011
"Willie Green","NOH",54,155,2011
"Marcus Thornton","NOH",35,93,2011
"Toney Douglas","NYK",143,383,2011
"Raymond Felton","NYK",88,268,2011
"Wilson Chandler","NYK",86,245,2011
"Danilo Gallinari","NYK",83,239,2011
"Landry Fields","NYK",86,219,2011
"Kevin Durant","OKC",145,414,2011
"James Harden","OKC",113,324,2011
"Jeff Green","OKC",56,184,2011
"Daequan Cook","OKC",65,154,2011
"Russell Westbrook","OKC",34,103,2011
"Ryan Anderson","ORL",134,341,2011
"Jason Richardson","ORL",127,331,2011
"Jameer Nelson","ORL",119,297,2011
"JJ Redick","ORL",87,219,2011
"Hedo Türkoğlu","ORL",86,213,2011
"Jodie Meeks","PHI",138,348,2011
"Lou Williams","PHI",88,253,2011
"Jrue Holiday","PHI",81,222,2011
"Andre Iguodala","PHI",61,181,2011
"Andrés Nocioni","PHI",42,118,2011
"Channing Frye","PHO",171,439,2011
"Jared Dudley","PHO",105,253,2011
"Vince Carter","PHO",89,243,2011
"Steve Nash","PHO",81,205,2011
"Mickaël Piétrus","PHO",51,149,2011
"Wesley Matthews","POR",154,378,2011
"Rudy Fernández","POR",116,361,2011
"Nicolas Batum","POR",118,342,2011
"Patty Mills","POR",47,133,2011
"Brandon Roy","POR",38,114,2011
"Omri Casspi","SAC",92,247,2011
"Francisco García","SAC",81,224,2011
"Beno Udrih","SAC",65,182,2011
"Donté Greene","SAC",45,154,2011
"Tyreke Evans","SAC",43,148,2011
"Manu Ginóbili","SAS",154,441,2011
"Gary Neal","SAS",129,308,2011
"Richard Jefferson","SAS",135,307,2011
"Matt Bonner","SAS",105,230,2011
"George Hill","SAS",77,204,2011
"Andrea Bargnani","TOR",77,223,2011
"Leandro Barbosa","TOR",72,213,2011
"José Calderón","TOR",57,156,2011
"Jerryd Bayless","TOR",46,132,2011
"Linas Kleiza","TOR",39,131,2011
"C.J. Miles","UTA",109,339,2011
"Deron Williams","UTA",89,258,2011
"Raja Bell","UTA",68,193,2011
"Earl Watson","UTA",36,107,2011
"Andrei Kirilenko","UTA",36,98,2011
"Nick Young","WAS",105,271,2011
"Gilbert Arenas","WAS",47,145,2011
"Rashard Lewis","WAS",43,124,2011
"John Wall","WAS",34,115,2011
"Kirk Hinrich","WAS",43,112,2011
"Kyle Korver","ATL",189,414,2013
"Jeff Teague","ATL",89,248,2013
"Devin Harris","ATL",77,230,2013
"DeShawn Stevenson","ATL",76,209,2013
"Josh Smith","ATL",61,201,2013
"Paul Pierce","BOS",145,382,2013
"Jason Terry","BOS",123,331,2013
"Jeff Green","BOS",70,182,2013
"Courtney Lee","BOS",58,156,2013
"Avery Bradley","BOS",40,126,2013
"Deron Williams","BRK",169,447,2013
"Joe Johnson","BRK",148,395,2013
"Keith Bogans","BRK",84,245,2013
"C.J. Watson","BRK",88,214,2013
"Gerald Wallace","BRK",46,163,2013
"Kemba Walker","CHA",107,332,2013
"Ben Gordon","CHA",113,292,2013
"Byron Mullens","CHA",66,208,2013
"Jeff Taylor","CHA",53,154,2013
"Ramon Sessions","CHA",33,107,2013
"Nate Robinson","CHI",141,348,2013
"Luol Deng","CHI",75,233,2013
"Marco Belinelli","CHI",79,221,2013
"Kirk Hinrich","CHI",71,182,2013
"Jimmy Butler","CHI",40,105,2013
"C.J. Miles","CLE",126,328,2013
"Kyrie Irving","CLE",109,279,2013
"Alonzo Gee","CLE",69,219,2013
"Dion Waiters","CLE",63,203,2013
"Daniel Gibson","CLE",56,163,2013
"Vince Carter","DAL",162,399,2013
"O.J. Mayo","DAL",142,349,2013
"Jae Crowder","DAL",63,192,2013
"Dirk Nowitzki","DAL",65,157,2013
"Darren Collison","DAL",48,136,2013
"Danilo Gallinari","DEN",135,362,2013
"Corey Brewer","DEN",91,307,2013
"Andre Iguodala","DEN",91,287,2013
"Ty Lawson","DEN",85,232,2013
"Wilson Chandler","DEN",52,126,2013
"Brandon Knight","DET",120,327,2013
"Charlie Villanueva","DET",90,259,2013
"Kyle Singler","DET",70,200,2013
"Rodney Stuckey","DET",55,182,2013
"José Calderón","DET",51,98,2013
"Stephen Curry","GSW",272,600,2013
"Klay Thompson","GSW",211,526,2013
"Jarrett Jack","GSW",82,203,2013
"Harrison Barnes","GSW",52,145,2013
"Draymond Green","GSW",14,67,2013
"James Harden","HOU",179,486,2013
"Carlos Delfino","HOU",158,421,2013
"Chandler Parsons","HOU",152,395,2013
"Jeremy Lin","HOU",87,257,2013
"Marcus Morris","HOU",74,194,2013
"Paul George","IND",170,469,2013
"George Hill","IND",130,353,2013
"D.J. Augustin","IND",67,190,2013
"Lance Stephenson","IND",62,188,2013
"Gerald Green","IND",59,188,2013
"Jamal Crawford","LAC",149,396,2013
"Caron Butler","LAC",128,330,2013
"Matt Barnes","LAC",111,325,2013
"Chris Paul","LAC",76,232,2013
"Willie Green","LAC",71,166,2013
"Metta World Peace","LAL",141,412,2013
"Kobe Bryant","LAL",132,407,2013
"Jodie Meeks","LAL",122,342,2013
"Antawn Jamison","LAL",84,233,2013
"Steve Blake","LAL",72,171,2013
"Mike Conley","MEM",106,293,2013
"Jerryd Bayless","MEM",71,201,2013
"Quincy Pondexter","MEM",60,152,2013
"Rudy Gay","MEM",40,129,2013
"Wayne Ellington","MEM",41,97,2013
"Ray Allen","MIA",139,332,2013
"Shane Battier","MIA",136,316,2013
"Mario Chalmers","MIA",123,301,2013
"LeBron James","MIA",103,254,2013
"Mike Miller","MIA",73,175,2013
"Brandon Jennings","MIL",173,461,2013
"Monta Ellis","MIL",94,328,2013
"Mike Dunleavy","MIL",128,299,2013
"Ersan İlyasova","MIL",95,214,2013
"JJ Redick","MIL",48,151,2013
"Alexey Shved","MIN",85,288,2013
"J.J. Barea","MIN",97,280,2013
"Luke Ridnour","MIN",66,212,2013
"Derrick Williams","MIN",65,196,2013
"Andrei Kirilenko","MIN",35,120,2013
"Ryan Anderson","NOH",213,557,2013
"Greivis Vásquez","NOH",83,243,2013
"Eric Gordon","NOH",56,173,2013
"Roger Mason","NOH",66,159,2013
"Brian Roberts","NOH",59,153,2013
"J.R. Smith","NYK",155,436,2013
"Carmelo Anthony","NYK",157,414,2013
"Steve Novak","NYK",149,351,2013
"Jason Kidd","NYK",114,325,2013
"Raymond Felton","NYK",93,258,2013
"Kevin Martin","OKC",158,371,2013
"Kevin Durant","OKC",139,334,2013
"Russell Westbrook","OKC",97,300,2013
"Thabo Sefolosha","OKC",108,258,2013
"Reggie Jackson","OKC",24,104,2013
"Jameer Nelson","ORL",121,355,2013
"JJ Redick","ORL",117,300,2013
"Arron Afflalo","ORL",72,240,2013
"E'Twaun Moore","ORL",67,197,2013
"Maurice Harkless","ORL",32,117,2013
"Dorell Wright","PHI",135,361,2013
"Jrue Holiday","PHI",91,247,2013
"Nick Young","PHI",75,210,2013
"Jason Richardson","PHI",57,167,2013
"Evan Turner","PHI",58,159,2013
"Goran Dragić","PHO",88,276,2013
"Jared Dudley","PHO",106,271,2013
"Wesley Johnson","PHO",50,155,2013
"Michael Beasley","PHO",45,144,2013
"Shannon Brown","PHO",39,141,2013
"Damian Lillard","POR",185,503,2013
"Nicolas Batum","POR",165,444,2013
"Wesley Matthews","POR",169,425,2013
"Luke Babbitt","POR",62,178,2013
"Victor Claver","POR",25,87,2013
"Marcus Thornton","SAC",141,379,2013
"Isaiah Thomas","SAC",115,321,2013
"John Salmons","SAC",99,267,2013
"Jimmer Fredette","SAC",65,156,2013
"Tyreke Evans","SAC",45,133,2013
"Danny Green","SAS",177,413,2013
"Gary Neal","SAS",89,251,2013
"Manu Ginóbili","SAS",83,235,2013
"Kawhi Leonard","SAS",65,174,2013
"Stephen Jackson","SAS",46,170,2013
"Alan Anderson","TOR",95,285,2013
"Kyle Lowry","TOR",101,279,2013
"Terrence Ross","TOR",65,196,2013
"José Calderón","TOR",79,184,2013
"John Lucas III","TOR",57,151,2013
"Randy Foye","UTA",178,434,2013
"Gordon Hayward","UTA",102,246,2013
"Marvin Williams","UTA",54,166,2013
"Mo Williams","UTA",59,154,2013
"Jamaal Tinsley","UTA",39,127,2013
"Martell Webster","WAS",139,329,2013
"Bradley Beal","WAS",91,236,2013
"Trevor Ariza","WAS",76,209,2013
"A.J. Price","WAS",70,200,2013
"Jordan Crawford","WAS",59,171,2013
"Kyle Korver","ATL",221,449,2015
"DeMarre Carroll","ATL",120,304,2015
"Paul Millsap","ATL",77,216,2015
"Jeff Teague","ATL",71,207,2015
"Mike Scott","ATL",66,192,2015
"Avery Bradley","BOS",124,352,2015
"Marcus Smart","BOS",91,272,2015
"Jared Sullinger","BOS",52,184,2015
"Kelly Olynyk","BOS",61,175,2015
"Jae Crowder","BOS",48,170,2015
"Joe Johnson","BRK",121,337,2015
"Bojan Bogdanović","BRK",91,256,2015
"Deron Williams","BRK",87,237,2015
"Alan Anderson","BRK",73,210,2015
"Mirza Teletović","BRK",62,193,2015
"Aaron Brooks","CHI",121,313,2015
"Nikola Mirotić","CHI",99,313,2015
"Derrick Rose","CHI",76,271,2015
"Mike Dunleavy","CHI",107,263,2015
"Tony Snell","CHI",73,197,2015
"Kemba Walker","CHO",85,280,2015
"Marvin Williams","CHO",95,265,2015
"Brian Roberts","CHO",62,193,2015
"Mo Williams","CHO",60,178,2015
"P.J. Hairston","CHO",49,163,2015
"Kevin Love","CLE",144,392,2015
"Kyrie Irving","CLE",157,378,2015
"LeBron James","CLE",120,339,2015
"J.R. Smith","CLE",131,336,2015
"James Jones","CLE",63,175,2015
"Chandler Parsons","DAL",132,347,2015
"Monta Ellis","DAL",81,284,2015
"Dirk Nowitzki","DAL",104,274,2015
"Devin Harris","DAL",95,266,2015
"Charlie Villanueva","DAL",83,221,2015
"Wilson Chandler","DEN",139,406,2015
"Danilo Gallinari","DEN",107,301,2015
"Randy Foye","DEN",94,263,2015
"Arron Afflalo","DEN",82,243,2015
"Ty Lawson","DEN",70,205,2015
"Kentavious Caldwell-Pope","DET",153,444,2015
"Anthony Tolliver","DET",82,228,2015
"Caron Butler","DET",83,219,2015
"Jodie Meeks","DET",74,212,2015
"Brandon Jennings","DET",76,211,2015
"Stephen Curry","GSW",286,646,2015
"Klay Thompson","GSW",239,545,2015
"Draymond Green","GSW",111,329,2015
"Harrison Barnes","GSW",87,215,2015
"Andre Iguodala","GSW",74,212,2015
"James Harden","HOU",208,555,2015
"Trevor Ariza","HOU",194,555,2015
"Patrick Beverley","HOU",115,323,2015
"Jason Terry","HOU",126,323,2015
"Corey Brewer","HOU",55,194,2015
"C.J. Miles","IND",154,446,2015
"Solomon Hill","IND",68,208,2015
"George Hill","IND",69,193,2015
"C.J. Watson","IND",70,175,2015
"Damjan Rudež","IND",69,170,2015
"JJ Redick","LAC",200,458,2015
"Matt Barnes","LAC",136,376,2015
"Jamal Crawford","LAC",119,364,2015
"Chris Paul","LAC",139,349,2015
"Spencer Hawes","LAC",55,176,2015
"Wesley Johnson","LAL",91,259,2015
"Wayne Ellington","LAL",90,243,2015
"Nick Young","LAL",83,225,2015
"Kobe Bryant","LAL",54,184,2015
"Jeremy Lin","LAL",65,176,2015
"Mike Conley","MEM",107,277,2015
"Vince Carter","MEM",69,232,2015
"Courtney Lee","MEM",90,224,2015
"Jeff Green","MEM",50,138,2015
"Beno Udrih","MEM",26,97,2015
"Mario Chalmers","MIA",73,248,2015
"Luol Deng","MIA",78,220,2015
"Chris Bosh","MIA",63,168,2015
"Shawne Williams","MIA",60,152,2015
"Henry Walker","MIA",45,132,2015
"O.J. Mayo","MIL",99,277,2015
"Khris Middleton","MIL",109,268,2015
"Brandon Knight","MIL",104,254,2015
"Jared Dudley","MIL",74,192,2015
"Ersan İlyasova","MIL",74,190,2015
"Kevin Martin","MIN",75,191,2015
"Mo Williams","MIN",59,170,2015
"Zach LaVine","MIN",57,167,2015
"Chase Budinger","MIN",52,143,2015
"Andrew Wiggins","MIN",39,126,2015
"Ryan Anderson","NOP",122,359,2015
"Eric Gordon","NOP",141,315,2015
"Tyreke Evans","NOP",69,227,2015
"Quincy Pondexter","NOP",74,171,2015
"Jrue Holiday","NOP",51,135,2015
"Tim Hardaway Jr.","NYK",121,354,2015
"Carmelo Anthony","NYK",61,179,2015
"Langston Galloway","NYK",62,176,2015
"José Calderón","NYK",59,142,2015
"Shane Larkin","NYK",35,116,2015
"Anthony Morrow","OKC",141,325,2015
"Russell Westbrook","OKC",86,288,2015
"Serge Ibaka","OKC",77,205,2015
"Dion Waiters","OKC",51,160,2015
"Kevin Durant","OKC",64,159,2015
"Channing Frye","ORL",136,346,2015
"Victor Oladipo","ORL",84,248,2015
"Tobias Harris","ORL",87,239,2015
"Evan Fournier","ORL",85,225,2015
"Willie Green","ORL",42,121,2015
"Robert Covington","PHI",167,446,2015
"Hollis Thompson","PHI",115,287,2015
"Luc Mbah a Moute","PHI",62,202,2015
"Isaiah Canaan","PHI",59,162,2015
"Jerami Grant","PHI",49,156,2015
"Gerald Green","PHO",137,387,2015
"Marcus Morris","PHO",112,313,2015
"Eric Bledsoe","PHO",88,272,2015
"P.J. Tucker","PHO",87,252,2015
"Isaiah Thomas","PHO",81,207,2015
"Damian Lillard","POR",196,572,2015
"Wesley Matthews","POR",173,445,2015
"Nicolas Batum","POR",100,309,2015
"Steve Blake","POR",77,219,2015
"CJ McCollum","POR",55,139,2015
"Ben McLemore","SAC",140,391,2015
"Rudy Gay","SAC",79,220,2015
"Darren Collison","SAC",60,161,2015
"Derrick Williams","SAC",49,156,2015
"Nik Stauskas","SAC",48,149,2015
"Danny Green","SAS",191,457,2015
"Manu Ginóbili","SAS",89,258,2015
"Marco Belinelli","SAS",86,230,2015
"Kawhi Leonard","SAS",67,192,2015
"Patty Mills","SAS",62,182,2015
"Lou Williams","TOR",152,447,2015
"Kyle Lowry","TOR",132,391,2015
"Terrence Ross","TOR",145,390,2015
"Greivis Vásquez","TOR",133,351,2015
"Patrick Patterson","TOR",105,283,2015
"Trey Burke","UTA",124,390,2015
"Gordon Hayward","UTA",120,330,2015
"Dante Exum","UTA",83,264,2015
"Joe Ingles","UTA",72,202,2015
"Rodney Hood","UTA",62,170,2015
"Paul Pierce","WAS",118,303,2015
"Bradley Beal","WAS",106,259,2015
"Rasual Butler","WAS",91,235,2015
"John Wall","WAS",65,217,2015
"Otto Porter Jr.","WAS",35,104,2015
"Tim Hardaway Jr.","ATL",149,417,2017
"Dennis Schröder","ATL",100,294,2017
"Kent Bazemore","ATL",92,266,2017
"Paul Millsap","ATL",75,241,2017
"Kyle Korver","ATL",65,159,2017
"Isaiah Thomas","BOS",245,646,2017
"Jae Crowder","BOS",157,394,2017
"Marcus Smart","BOS",94,332,2017
"Avery Bradley","BOS",108,277,2017
"Al Horford","BOS",86,242,2017
"Brook Lopez","BRK",134,387,2017
"Sean Kilpatrick","BRK",105,308,2017
"Bojan Bogdanović","BRK",99,277,2017
"Joe Harris","BRK",85,221,2017
"Randy Foye","BRK",67,203,2017
"Nikola Mirotić","CHI",129,377,2017
"Jimmy Butler","CHI",91,248,2017
"Denzel Valentine","CHI",73,208,2017
"Doug McDermott","CHI",56,150,2017
"Dwyane Wade","CHI",45,145,2017
"Kemba Walker","CHO",240,602,2017
"Nicolas Batum","CHO",135,405,2017
"Frank Kaminsky","CHO",116,354,2017
"Marvin Williams","CHO",124,354,2017
"Marco Belinelli","CHO",102,283,2017
"Kyrie Irving","CLE",177,441,2017
"Kevin Love","CLE",145,389,2017
"LeBron James","CLE",124,342,2017
"Channing Frye","CLE",137,335,2017
"J.R. Smith","CLE",95,271,2017
"Wesley Matthews","DAL",174,479,2017
"Seth Curry","DAL",137,322,2017
"Harrison Barnes","DAL",78,222,2017
"Dirk Nowitzki","DAL",79,209,2017
"Dorian Finney-Smith","DAL",56,191,2017
"Jamal Murray","DEN",115,344,2017
"Wilson Chandler","DEN",110,326,2017
"Danilo Gallinari","DEN",126,324,2017
"Jameer Nelson","DEN",106,273,2017
"Gary Harris","DEN",107,255,2017
"Kentavious Caldwell-Pope","DET",153,437,2017
"Marcus Morris","DET",118,357,2017
"Tobias Harris","DET",109,314,2017
"Reggie Jackson","DET",66,184,2017
"Jon Leuer","DET",49,167,2017
"Stephen Curry","GSW",324,789,2017
"Klay Thompson","GSW",268,647,2017
"Kevin Durant","GSW",117,312,2017
"Draymond Green","GSW",81,263,2017
"Andre Iguodala","GSW",64,177,2017
"James Harden","HOU",262,756,2017
"Eric Gordon","HOU",246,661,2017
"Trevor Ariza","HOU",191,555,2017
"Ryan Anderson","HOU",204,506,2017
"Patrick Beverley","HOU",110,288,2017
"Paul George","IND",195,496,2017
"C.J. Miles","IND",169,409,2017
"Jeff Teague","IND",90,252,2017
"Monta Ellis","IND",43,135,2017
"Aaron Brooks","IND",48,128,2017
"JJ Redick","LAC",201,468,2017
"Jamal Crawford","LAC",116,322,2017
"Chris Paul","LAC",124,302,2017
"Austin Rivers","LAC",111,299,2017
"Marreese Speights","LAC",103,277,2017
"Nick Young","LAL",170,421,2017
"D'Angelo Russell","LAL",135,384,2017
"Jordan Clarkson","LAL",117,356,2017
"Lou Williams","LAL",122,317,2017
"Brandon Ingram","LAL",55,187,2017
"Mike Conley","MEM",171,419,2017
"Troy Daniels","MEM",138,355,2017
"Vince Carter","MEM",112,296,2017
"Marc Gasol","MEM",104,268,2017
"Andrew Harrison","MEM",43,156,2017
"Wayne Ellington","MIA",149,394,2017
"Goran Dragić","MIA",117,289,2017
"James Johnson","MIA",87,256,2017
"Tyler Johnson","MIA",93,250,2017
"Josh Richardson","MIA",75,227,2017
"Tony Snell","MIL",144,355,2017
"Mirza Teletović","MIL",104,305,2017
"Matthew Dellavedova","MIL",79,215,2017
"Malcolm Brogdon","MIL",78,193,2017
"Giannis Antetokounmpo","MIL",49,180,2017
"Zach LaVine","MIN",120,310,2017
"Andrew Wiggins","MIN",103,289,2017
"Karl-Anthony Towns","MIN",101,275,2017
"Ricky Rubio","MIN",60,196,2017
"Nemanja Bjelica","MIN",56,177,2017
"Jrue Holiday","NOP",100,281,2017
"Solomon Hill","NOP",94,270,2017
"Langston Galloway","NOP",101,268,2017
"Buddy Hield","NOP",89,241,2017
"E'Twaun Moore","NOP",77,208,2017
"Carmelo Anthony","NYK",151,421,2017
"Kristaps Porziņģis","NYK",112,314,2017
"Justin Holiday","NYK",97,273,2017
"Courtney Lee","NYK",108,269,2017
"Brandon Jennings","NYK",68,200,2017
"Russell Westbrook","OKC",200,583,2017
"Victor Oladipo","OKC",127,352,2017
"Álex Abrines","OKC",94,247,2017
"Andre Roberson","OKC",45,184,2017
"Domantas Sabonis","OKC",51,159,2017
"Evan Fournier","ORL",128,360,2017
"D.J. Augustin","ORL",95,274,2017
"Aaron Gordon","ORL",77,267,2017
"Serge Ibaka","ORL",83,214,2017
"Jeff Green","ORL",53,193,2017
"Robert Covington","PHI",137,412,2017
"Nik Stauskas","PHI",132,359,2017
"Dario Šarić","PHI",106,341,2017
"Ersan İlyasova","PHI",107,298,2017
"Sergio Rodríguez","PHI",92,252,2017
"Devin Booker","PHO",147,405,2017
"Eric Bledsoe","PHO",104,310,2017
"Marquese Chriss","PHO",72,224,2017
"Jared Dudley","PHO",77,203,2017
"Brandon Knight","PHO",45,139,2017
"Damian Lillard","POR",214,579,2017
"CJ McCollum","POR",185,439,2017
"Allen Crabbe","POR",134,302,2017
"Meyers Leonard","POR",74,213,2017
"Al-Farouq Aminu","POR",70,212,2017
"DeMarcus Cousins","SAC",95,267,2017
"Anthony Tolliver","SAC",90,230,2017
"Garrett Temple","SAC",82,220,2017
"Matt Barnes","SAC",69,211,2017
"Darren Collison","SAC",73,175,2017
"Kawhi Leonard","SAS",147,387,2017
"Patty Mills","SAS",147,355,2017
"Danny Green","SAS",118,311,2017
"Manu Ginóbili","SAS",89,227,2017
"Dāvis Bertāns","SAS",69,173,2017
"Kyle Lowry","TOR",193,468,2017
"DeMarre Carroll","TOR",109,320,2017
"Terrence Ross","TOR",96,256,2017
"Patrick Patterson","TOR",94,253,2017
"Norman Powell","TOR",56,173,2017
"Gordon Hayward","UTA",149,374,2017
"Rodney Hood","UTA",114,307,2017
"Joe Ingles","UTA",123,279,2017
"Joe Johnson","UTA",106,258,2017
"George Hill","UTA",94,233,2017
"Bradley Beal","WAS",223,552,2017
"Otto Porter Jr.","WAS",148,341,2017
"John Wall","WAS",89,272,2017
"Markieff Morris","WAS",71,196,2017
"Kelly Oubre Jr.","WAS",54,188,2017
"Trae Young","ATL",156,482,2019
"Kevin Huerter","ATL",136,353,2019
"Vince Carter","ATL",123,316,2019
"Taurean Prince","ATL",123,315,2019
"Kent Bazemore","ATL",96,300,2019
"Kyrie Irving","BOS",174,434,2019
"Marcus Morris","BOS",146,389,2019
"Marcus Smart","BOS",126,346,2019
"Terry Rozier","BOS",119,337,2019
"Jayson Tatum","BOS",116,311,2019
"D'Angelo Russell","BRK",234,635,2019
"Joe Harris","BRK",183,386,2019
"Spencer Dinwiddie","BRK",124,370,2019
"DeMarre Carroll","BRK",106,310,2019
"Allen Crabbe","BRK",98,259,2019
"Lauri Markkanen","CHI",120,332,2019
"Zach LaVine","CHI",120,321,2019
"Justin Holiday","CHI",97,270,2019
"Ryan Arcidiacono","CHI",81,217,2019
"Jabari Parker","CHI",37,114,2019
"Kemba Walker","CHO",260,731,2019
"Marvin Williams","CHO",140,382,2019
"Jeremy Lamb","CHO",115,330,2019
"Malik Monk","CHO",109,330,2019
"Nicolas Batum","CHO",116,298,2019
"Jordan Clarkson","CLE",144,445,2019
"Cedi Osman","CLE",130,374,2019
"Collin Sexton","CLE",119,296,2019
"Rodney Hood","CLE",55,152,2019
"Kevin Love","CLE",53,147,2019
"Luka Dončić","DAL",168,514,2019
"Harrison Barnes","DAL",121,311,2019
"Wesley Matthews","DAL",100,263,2019
"Dorian Finney-Smith","DAL",79,254,2019
"Maxi Kleber","DAL",77,218,2019
"Jamal Murray","DEN",152,414,2019
"Malik Beasley","DEN",163,405,2019
"Nikola Jokić","DEN",83,270,2019
"Gary Harris","DEN",82,242,2019
"Monte Morris","DEN",94,227,2019
"Blake Griffin","DET",189,522,2019
"Reggie Jackson","DET",174,471,2019
"Langston Galloway","DET",135,380,2019
"Reggie Bullock","DET",114,294,2019
"Luke Kennard","DET",106,269,2019
"Stephen Curry","GSW",354,810,2019
"Klay Thompson","GSW",241,599,2019
"Kevin Durant","GSW",137,388,2019
"Quinn Cook","GSW",81,200,2019
"Jonas Jerebko","GSW",69,188,2019
"James Harden","HOU",378,1028,2019
"Eric Gordon","HOU",216,600,2019
"Gerald Green","HOU",156,441,2019
"P.J. Tucker","HOU",146,387,2019
"Chris Paul","HOU",127,355,2019
"Bojan Bogdanović","IND",164,386,2019
"Tyreke Evans","IND",77,216,2019
"Victor Oladipo","IND",74,216,2019
"Doug McDermott","IND",84,206,2019
"Myles Turner","IND",76,196,2019
"Danilo Gallinari","LAC",161,372,2019
"Lou Williams","LAC",105,291,2019
"Patrick Beverley","LAC",112,282,2019
"Tobias Harris","LAC",112,258,2019
"Avery Bradley","LAC",58,172,2019
"Kentavious Caldwell-Pope","LAL",151,435,2019
"Kyle Kuzma","LAL",128,422,2019
"LeBron James","LAL",111,327,2019
"Josh Hart","LAL",92,274,2019
"Lonzo Ball","LAL",75,228,2019
"Mike Conley","MEM",155,426,2019
"Marc Gasol","MEM",76,221,2019
"Garrett Temple","MEM",74,210,2019
"Justin Holiday","MEM",65,195,2019
"Jaren Jackson Jr.","MEM",51,142,2019
"Josh Richardson","MIA",164,460,2019
"Kelly Olynyk","MIA",113,319,2019
"Dion Waiters","MIA",109,289,2019
"Dwyane Wade","MIA",86,261,2019
"Justise Winslow","MIA",96,256,2019
"Brook Lopez","MIL",187,512,2019
"Khris Middleton","MIL",179,474,2019
"Eric Bledsoe","MIL",124,377,2019
"Malcolm Brogdon","MIL",104,244,2019
"Tony Snell","MIL",81,204,2019
"Karl-Anthony Towns","MIN",142,355,2019
"Andrew Wiggins","MIN",118,348,2019
"Dario Šarić","MIN",97,253,2019
"Josh Okogie","MIN",60,215,2019
"Anthony Tolliver","MIN",81,215,2019
"Darius Miller","NOP",133,364,2019
"Jrue Holiday","NOP",118,363,2019
"Nikola Mirotić","NOP",85,231,2019
"Ian Clark","NOP",66,202,2019
"Julius Randle","NOP",67,195,2019
"Kevin Knox","NYK",125,364,2019
"Damyean Dotson","NYK",126,342,2019
"Tim Hardaway Jr.","NYK",117,337,2019
"Emmanuel Mudiay","NYK",69,210,2019
"Luke Kornet","NYK",70,193,2019
"Paul George","OKC",292,757,2019
"Russell Westbrook","OKC",119,411,2019
"Dennis Schröder","OKC",124,364,2019
"Jerami Grant","OKC",115,293,2019
"Terrance Ferguson","OKC",106,290,2019
"Terrence Ross","ORL",217,566,2019
"Evan Fournier","ORL",153,450,2019
"Aaron Gordon","ORL",121,347,2019
"D.J. Augustin","ORL",131,311,2019
"Jonathan Isaac","ORL",86,266,2019
"JJ Redick","PHI",240,605,2019
"Joel Embiid","PHI",79,263,2019
"Landry Shamet","PHI",99,245,2019
"Mike Muscala","PHI",68,199,2019
"Jimmy Butler","PHI",50,148,2019
"Devin Booker","PHO",135,414,2019
"Mikal Bridges","PHO",105,313,2019
"Josh Jackson","PHO",73,225,2019
"Kelly Oubre Jr.","PHO",67,206,2019
"Jamal Crawford","PHO",67,202,2019
"Damian Lillard","POR",237,643,2019
"CJ McCollum","POR",167,445,2019
"Al-Farouq Aminu","POR",96,280,2019
"Seth Curry","POR",113,251,2019
"Jake Layman","POR",59,181,2019
"Buddy Hield","SAC",278,651,2019
"Bogdan Bogdanović","SAC",134,372,2019
"Nemanja Bjelica","SAC",103,257,2019
"De'Aaron Fox","SAC",86,232,2019
"Iman Shumpert","SAC",74,202,2019
"Bryn Forbes","SAS",176,413,2019
"Patty Mills","SAS",159,404,2019
"Marco Belinelli","SAS",147,395,2019
"Dāvis Bertāns","SAS",145,338,2019
"Rudy Gay","SAS",74,184,2019
"Kyle Lowry","TOR",157,453,2019
"Danny Green","TOR",198,435,2019
"Kawhi Leonard","TOR",112,302,2019
"Fred VanVleet","TOR",112,296,2019
"Pascal Siakam","TOR",79,214,2019
"Jae Crowder","UTA",173,522,2019
"Donovan Mitchell","UTA",188,519,2019
"Joe Ingles","UTA",189,483,2019
"Kyle Korver","UTA",113,294,2019
"Ricky Rubio","UTA",79,254,2019
"Bradley Beal","WAS",209,596,2019
"Jeff Green","WAS",111,320,2019
"Trevor Ariza","WAS",95,295,2019
"Otto Porter Jr.","WAS",65,176,2019
"John Wall","WAS",51,169,2019
"Trae Young","ATL",136,397,2021
"Kevin Huerter","ATL",140,386,2021
"Bogdan Bogdanović","ATL",146,333,2021
"Danilo Gallinari","ATL",103,254,2021
"Solomon Hill","ATL",68,212,2021
"Jayson Tatum","BOS",187,485,2021
"Jaylen Brown","BOS",163,411,2021
"Kemba Walker","BOS",127,353,2021
"Marcus Smart","BOS",93,282,2021
"Payton Pritchard","BOS",102,248,2021
"Joe Harris","BRK",211,444,2021
"Kyrie Irving","BRK",152,378,2021
"Landry Shamet","BRK",129,333,2021
"James Harden","BRK",96,262,2021
"Jeff Green","BRK",103,250,2021
"Zach LaVine","CHI",200,477,2021
"Coby White","CHI",163,454,2021
"Lauri Markkanen","CHI",119,296,2021
"Denzel Valentine","CHI",80,242,2021
"Garrett Temple","CHI",67,200,2021
"Terry Rozier","CHO",222,571,2021
"Devonte' Graham","CHO",179,477,2021
"Miles Bridges","CHO",116,290,2021
"P.J. Washington","CHO",112,290,2021
"LaMelo Ball","CHO",92,261,2021
"Cedi Osman","CLE",99,324,2021
"Darius Garland","CLE",105,266,2021
"Collin Sexton","CLE",98,264,2021
"Isaac Okoro","CLE",62,214,2021
"Dean Wade","CLE",78,213,2021
"Luka Dončić","DAL",192,548,2021
"Tim Hardaway Jr.","DAL",207,529,2021
"Dorian Finney-Smith","DAL",119,302,2021
"Josh Richardson","DAL",88,267,2021
"Kristaps Porziņģis","DAL",97,258,2021
"Michael Porter Jr.","DEN",170,382,2021
"Jamal Murray","DEN",129,316,2021
"Will Barton","DEN",98,257,2021
"Nikola Jokić","DEN",92,237,2021
"Facundo Campazzo","DEN",76,216,2021
"Saddiq Bey","DET",175,460,2021
"Jerami Grant","DET",115,329,2021
"Wayne Ellington","DET",116,275,2021
"Josh Jackson","DET",77,257,2021
"Svi Mykhailiuk","DET",57,171,2021
"Stephen Curry","GSW",337,801,2021
"Andrew Wiggins","GSW",140,368,2021
"Kelly Oubre Jr.","GSW",90,285,2021
"Jordan Poole","GSW",97,276,2021
"Mychal Mulder","GSW",85,214,2021
"John Wall","HOU",79,249,2021
"Sterling Brown","HOU",91,215,2021
"Eric Gordon","HOU",69,210,2021
"Christian Wood","HOU",77,206,2021
"Jae'Sean Tate","HOU",60,195,2021
"Justin Holiday","IND",173,453,2021
"Malcolm Brogdon","IND",145,374,2021
"Doug McDermott","IND",111,286,2021
"Myles Turner","IND",69,206,2021
"Caris LeVert","IND",62,195,2021
"Paul George","LAC",171,416,2021
"Marcus Morris","LAC",140,296,2021
"Reggie Jackson","LAC",122,282,2021
"Nicolas Batum","LAC",110,272,2021
"Kawhi Leonard","LAC",101,254,2021
"Kyle Kuzma","LAL",137,380,2021
"Kentavious Caldwell-Pope","LAL",120,293,2021
"LeBron James","LAL",104,285,2021
"Dennis Schröder","LAL",71,212,2021
"Markieff Morris","LAL",65,209,2021
"Dillon Brooks","MEM",128,372,2021
"Grayson Allen","MEM",107,274,2021
"Desmond Bane","MEM",117,271,2021
"Kyle Anderson","MEM",94,261,2021
"Ja Morant","MEM",73,241,2021
"Duncan Robinson","MIA",250,613,2021
"Kendrick Nunn","MIA",122,320,2021
"Tyler Herro","MIA",107,297,2021
"Goran Dragić","MIA",91,244,2021
"Kelly Olynyk","MIA",77,243,2021
"Khris Middleton","MIL",151,365,2021
"Donte DiVincenzo","MIL",131,346,2021
"Bryn Forbes","MIL",154,341,2021
"Jrue Holiday","MIL",111,283,2021
"Brook Lopez","MIL",95,281,2021
"Anthony Edwards","MIN",171,520,2021
"Malik Beasley","MIN",128,321,2021
"Karl-Anthony Towns","MIN",122,315,2021
"D'Angelo Russell","MIN",120,310,2021
"Ricky Rubio","MIN",66,214,2021
"Lonzo Ball","NOP",172,455,2021
"Brandon Ingram","NOP",143,375,2021
"Eric Bledsoe","NOP",121,355,2021
"Nickeil Alexander-Walker","NOP",76,219,2021
"Josh Hart","NOP",63,193,2021
"Reggie Bullock","NYK",163,398,2021
"Julius Randle","NYK",160,389,2021
"RJ Barrett","NYK",124,309,2021
"Immanuel Quickley","NYK",118,303,2021
"Alec Burks","NYK",102,246,2021
"Luguentz Dort","OKC",113,329,2021
"Théo Maledon","OKC",105,313,2021
"Darius Bazley","OKC",83,286,2021
"Aleksej Pokusevski","OKC",58,207,2021
"Mike Muscala","OKC",68,184,2021
"Nikola Vučević","ORL",117,288,2021
"Terrence Ross","ORL",89,264,2021
"Dwayne Bacon","ORL",59,207,2021
"Evan Fournier","ORL",73,188,2021
"Cole Anthony","ORL",58,172,2021
"Danny Green","PHI",175,432,2021
"Seth Curry","PHI",126,280,2021
"Furkan Korkmaz","PHI",101,269,2021
"Tobias Harris","PHI",82,208,2021
"Shake Milton","PHI",71,203,2021
"Jae Crowder","PHO",148,380,2021
"Devin Booker","PHO",126,371,2021
"Cameron Johnson","PHO",117,335,2021
"Mikal Bridges","PHO",134,315,2021
"Chris Paul","PHO",102,258,2021
"Damian Lillard","POR",275,704,2021
"CJ McCollum","POR",169,420,2021
"Robert Covington","POR",135,356,2021
"Carmelo Anthony","POR",133,325,2021
"Gary Trent Jr.","POR",121,305,2021
"Buddy Hield","SAC",282,721,2021
"De'Aaron Fox","SAC",103,320,2021
"Tyrese Haliburton","SAC",121,296,2021
"Harrison Barnes","SAC",100,256,2021
"Terence Davis","SAC",54,145,2021
"Patty Mills","SAS",161,429,2021
"Lonnie Walker IV","SAS",100,282,2021
"Rudy Gay","SAS",106,278,2021
"Derrick White","SAS",84,243,2021
"Dejounte Murray","SAS",63,199,2021
"Fred VanVleet","TOR",174,476,2021
"Kyle Lowry","TOR",131,331,2021
"Norman Powell","TOR",118,269,2021
"OG Anunoby","TOR",104,261,2021
"Pascal Siakam","TOR",73,246,2021
"Jordan Clarkson","UTA",208,599,2021
"Donovan Mitchell","UTA",178,461,2021
"Bojan Bogdanović","UTA",180,461,2021
"Joe Ingles","UTA",183,406,2021
"Mike Conley","UTA",138,335,2021
"Dāvis Bertāns","WAS",169,428,2021
"Bradley Beal","WAS",130,373,2021
"Russell Westbrook","WAS",86,273,2021
"Garrison Mathews","WAS",76,198,2021
"Deni Avdija","WAS",53,168,2021
"Trae Young","ATL",154,460,2023
"Dejounte Murray","ATL",133,387,2023
"Bogdan Bogdanović","ATL",146,360,2023
"De'Andre Hunter","ATL",100,286,2023
"AJ Griffin","ATL",101,259,2023
"Jayson Tatum","BOS",240,686,2023
"Jaylen Brown","BOS",163,487,2023
"Derrick White","BOS",149,391,2023
"Marcus Smart","BOS",115,342,2023
"Sam Hauser","BOS",140,335,2023
"Royce O'Neale","BRK",163,419,2023
"Kyrie Irving","BRK",130,348,2023
"Joe Harris","BRK",142,333,2023
"Seth Curry","BRK",94,232,2023
"Kevin Durant","BRK",71,189,2023
"Zach LaVine","CHI",204,544,2023
"Nikola Vučević","CHI",121,347,2023
"Coby White","CHI",128,344,2023
"Patrick Williams","CHI",115,277,2023
"Ayo Dosunmu","CHI",59,189,2023
"Terry Rozier","CHO",165,505,2023
"P.J. Washington","CHO",149,428,2023
"LaMelo Ball","CHO",144,383,2023
"Kelly Oubre Jr.","CHO",108,339,2023
"Jalen McDaniels","CHO",65,202,2023
"Donovan Mitchell","CLE",245,635,2023
"Darius Garland","CLE",169,412,2023
"Caris LeVert","CLE",127,324,2023
"Cedi Osman","CLE",116,312,2023
"Kevin Love","CLE",69,195,2023
"Tim Hardaway Jr.","DAL",212,550,2023
"Luka Dončić","DAL",185,541,2023
"Reggie Bullock","DAL",151,397,2023
"Spencer Dinwiddie","DAL",138,341,2023
"Christian Wood","DAL",105,279,2023
"Michael Porter Jr.","DEN",188,454,2023
"Jamal Murray","DEN",172,432,2023
"Kentavious Caldwell-Pope","DEN",135,319,2023
"Bruce Brown","DEN",91,254,2023
"Bones Hyland","DEN",91,241,2023
"Bojan Bogdanović","DET",145,353,2023
"Jaden Ivey","DET",120,350,2023
"Saddiq Bey","DET",101,293,2023
"Killian Hayes","DET",80,286,2023
"Alec Burks","DET",99,239,2023
"Klay Thompson","GSW",301,731,2023
"Stephen Curry","GSW",273,639,2023
"Jordan Poole","GSW",214,637,2023
"Donte DiVincenzo","GSW",150,378,2023
"Andrew Wiggins","GSW",89,225,2023
"Jalen Green","HOU",187,554,2023
"Jabari Smith Jr.","HOU",120,391,2023
"Kevin Porter Jr.","HOU",141,385,2023
"Eric Gordon","HOU",85,245,2023
"KJ Martin","HOU",68,216,2023
"Buddy Hield","IND",288,677,2023
"Tyrese Haliburton","IND",161,402,2023
"Aaron Nesmith","IND",115,314,2023
"Bennedict Mathurin","IND",100,310,2023
"Andrew Nembhard","IND",92,263,2023
"Paul George","LAC",158,426,2023
"Nicolas Batum","LAC",124,317,2023
"Marcus Morris","LAC",112,308,2023
"Norman Powell","LAC",114,287,2023
"Kawhi Leonard","LAC",104,250,2023
"LeBron James","LAL",121,377,2023
"Troy Brown Jr.","LAL",107,281,2023
"Lonnie Walker IV","LAL",91,249,2023
"Dennis Schröder","LAL",74,225,2023
"Austin Reaves","LAL",86,216,2023
"Dillon Brooks","MEM",143,439,2023
"Desmond Bane","MEM",166,407,2023
"Tyus Jones","MEM",121,326,2023
"Ja Morant","MEM",92,300,2023
"Jaren Jackson Jr.","MEM",100,282,2023
"Max Strus","MIA",197,563,2023
"Tyler Herro","MIA",203,537,2023
"Gabe Vincent","MIA",117,350,2023
"Kyle Lowry","MIA",107,310,2023
"Caleb Martin","MIA",84,236,2023
"Jrue Holiday","MIL",158,411,2023
"Grayson Allen","MIL",146,366,2023
"Brook Lopez","MIL",136,364,2023
"Jevon Carter","MIL",142,337,2023
"Pat Connaughton","MIL",109,322,2023
"Anthony Edwards","MIN",213,578,2023
"D'Angelo Russell","MIN",148,379,2023
"Jaden McDaniels","MIN",107,269,2023
"Jaylen Nowell","MIN",67,232,2023
"Naz Reid","MIN",75,217,2023
"CJ McCollum","NOP",211,543,2023
"Trey Murphy III","NOP",202,497,2023
"Jose Alvarado","NOP",83,247,2023
"Naji Marshall","NOP",66,218,2023
"Devonte' Graham","NOP",66,190,2023
"Julius Randle","NYK",218,636,2023
"Immanuel Quickley","NYK",168,454,2023
"Quentin Grimes","NYK",157,407,2023
"RJ Barrett","NYK",121,390,2023
"Jalen Brunson","NYK",134,322,2023
"Luguentz Dort","OKC",135,409,2023
"Isaiah Joe","OKC",161,394,2023
"Tre Mann","OKC",81,257,2023
"Josh Giddey","OKC",76,234,2023
"Jalen Williams","OKC",73,205,2023
"Franz Wagner","ORL",130,360,2023
"Paolo Banchero","ORL",85,285,2023
"Wendell Carter Jr.","ORL",80,225,2023
"Gary Harris","ORL",94,218,2023
"Cole Anthony","ORL",75,206,2023
"James Harden","PHI",161,418,2023
"De'Anthony Melton","PHI",157,403,2023
"Georges Niang","PHI",154,384,2023
"Tyrese Maxey","PHI",160,369,2023
"Tobias Harris","PHI",126,324,2023
"Devin Booker","PHO",111,316,2023
"Mikal Bridges","PHO",101,261,2023
"Chris Paul","PHO",98,261,2023
"Torrey Craig","PHO",100,253,2023
"Damion Lee","PHO",110,247,2023
"Damian Lillard","POR",244,658,2023
"Anfernee Simons","POR",212,562,2023
"Jerami Grant","POR",144,359,2023
"Shaedon Sharpe","POR",102,283,2023
"Nassir Little","POR",58,158,2023
"Kevin Huerter","SAC",205,510,2023
"Keegan Murray","SAC",206,501,2023
"Malik Monk","SAC",143,398,2023
"De'Aaron Fox","SAC",119,367,2023
"Harrison Barnes","SAC",132,353,2023
"Keldon Johnson","SAS",134,407,2023
"Doug McDermott","SAS",123,298,2023
"Devin Vassell","SAS",103,266,2023
"Malaki Branham","SAS",77,255,2023
"Josh Richardson","SAS",74,207,2023
"Fred VanVleet","TOR",207,606,2023
"Gary Trent Jr.","TOR",166,450,2023
"OG Anunoby","TOR",142,367,2023
"Pascal Siakam","TOR",93,287,2023
"Scottie Barnes","TOR",63,224,2023
"Lauri Markkanen","UTA",200,511,2023
"Malik Beasley","UTA",169,471,2023
"Jordan Clarkson","UTA",155,459,2023
"Kelly Olynyk","UTA",93,236,2023
"Ochai Agbaji","UTA",81,228,2023
"Kyle Kuzma","WAS",160,481,2023
"Corey Kispert","WAS",163,384,2023
"Kristaps Porziņģis","WAS",137,356,2023
"Deni Avdija","WAS",69,232,2023
"Bradley Beal","WAS",80,219,2023
"Trae Young","ATL",218,642,2025
"Zaccharie Risacher","ATL",122,344,2025
"De'Andre Hunter","ATL",97,247,2025
"Dyson Daniels","ATL",80,235,2025
"Garrison Mathews","ATL",85,218,2025
"Jayson Tatum","BOS",250,728,2025
"Derrick White","BOS",265,691,2025
"Payton Pritchard","BOS",255,626,2025
"Sam Hauser","BOS",166,399,2025
"Jaylen Brown","BOS",116,358,2025
"Cameron Johnson","BRK",159,408,2025
"Keon Johnson","BRK",126,401,2025
"Jalen Wilson","BRK",122,362,2025
"Ziaire Williams","BRK",103,302,2025
"Tyrese Martin","BRK",99,282,2025
"Coby White","CHI",216,584,2025
"Nikola Vučević","CHI",129,321,2025
"Zach LaVine","CHI",136,305,2025
"Josh Giddey","CHI",105,278,2025
"Patrick Williams","CHI",96,272,2025
"LaMelo Ball","CHO",179,528,2025
"Miles Bridges","CHO",141,450,2025
"Nick Smith Jr.","CHO",104,306,2025
"Brandon Miller","CHO",104,293,2025
"Josh Green","CHO",97,248,2025
"Donovan Mitchell","CLE",233,633,2025
"Darius Garland","CLE",212,529,2025
"Sam Merrill","CLE",137,368,2025
"Max Strus","CLE",113,293,2025
"Ty Jerome","CLE",111,253,2025
"Klay Thompson","DAL",216,553,2025
"Kyrie Irving","DAL",144,359,2025
"Spencer Dinwiddie","DAL",109,326,2025
"P.J. Washington","DAL",91,239,2025
"Naji Marshall","DAL",60,218,2025
"Michael Porter Jr.","DEN",193,489,2025
"Jamal Murray","DEN",156,397,2025
"Nikola Jokić","DEN",138,331,2025
"Russell Westbrook","DEN",94,291,2025
"Julian Strawther","DEN",94,269,2025
"Malik Beasley","DET",319,766,2025
"Tim Hardaway Jr.","DET",168,457,2025
"Cade Cunningham","DET",149,418,2025
"Tobias Harris","DET",91,264,2025
"Simone Fontecchio","DET",76,227,2025
"Stephen Curry","GSW",311,784,2025
"Buddy Hield","GSW",203,549,2025
"Moses Moody","GSW",126,337,2025
"Brandin Podziemski","GSW",115,309,2025
"Andrew Wiggins","GSW",94,248,2025
"Jalen Green","HOU",234,661,2025
"Dillon Brooks","HOU",186,469,2025
"Fred VanVleet","HOU",159,461,2025
"Jabari Smith Jr.","HOU",98,277,2025
"Tari Eason","HOU",63,184,2025
"Tyrese Haliburton","IND",218,562,2025
"Myles Turner","IND",156,394,2025
"Pascal Siakam","IND",126,324,2025
"Obi Toppin","IND",110,301,2025
"Bennedict Mathurin","IND",98,288,2025
"James Harden","LAC",235,668,2025
"Norman Powell","LAC",179,428,2025
"Amir Coffey","LAC",101,247,2025
"Kris Dunn","LAC",75,224,2025
"Derrick Jones Jr.","LAC",78,219,2025
"Austin Reaves","LAL",200,531,2025
"LeBron James","LAL",149,396,2025
"Dalton Knecht","LAL",128,340,2025
"Gabe Vincent","LAL",109,309,2025
"Luka Dončić","LAL",102,269,2025
"Desmond Bane","MEM",164,418,2025
"Jaylen Wells","MEM",138,392,2025
"Jaren Jackson Jr.","MEM",146,389,2025
"Santi Aldama","MEM",120,326,2025
"Ja Morant","MEM",88,285,2025
"Tyler Herro","MIA",251,670,2025
"Duncan Robinson","MIA",190,483,2025
"Terry Rozier","MIA",91,308,2025
"Haywood Highsmith","MIA",89,233,2025
"Bam Adebayo","MIA",79,221,2025
"Damian Lillard","MIL",197,524,2025
"Gary Trent Jr.","MIL",180,433,2025
"Brook Lopez","MIL",139,373,2025
"A.J. Green","MIL",155,363,2025
"Taurean Prince","MIL",147,335,2025
"Anthony Edwards","MIN",320,811,2025
"Naz Reid","MIN",175,462,2025
"Donte DiVincenzo","MIN",174,438,2025
"Nickeil Alexander-Walker","MIN",141,370,2025
"Julius Randle","MIN",108,314,2025
"CJ McCollum","NOP",171,459,2025
"Trey Murphy III","NOP",158,438,2025
"Jordan Hawkins","NOP",110,332,2025
"Jose Alvarado","NOP",111,309,2025
"Dejounte Murray","NOP",52,174,2025
"Mikal Bridges","NYK",164,463,2025
"OG Anunoby","NYK",171,460,2025
"Jalen Brunson","NYK",152,397,2025
"Karl-Anthony Towns","NYK",142,338,2025
"Miles McBride","NYK",115,312,2025
"Isaiah Joe","OKC",192,466,2025
"Shai Gilgeous-Alexander","OKC",163,435,2025
"Luguentz Dort","OKC",170,413,2025
"Jalen Williams","OKC",124,340,2025
"Aaron Wiggins","OKC",130,339,2025
"Franz Wagner","ORL",104,352,2025
"Kentavious Caldwell-Pope","ORL",113,330,2025
"Paolo Banchero","ORL",87,272,2025
"Jalen Suggs","ORL",76,242,2025
"Tristan Da Silva","ORL",80,239,2025
"Tyrese Maxey","PHI",161,478,2025
"Guerschon Yabusele","PHI",104,274,2025
"Paul George","PHI",96,268,2025
"Kelly Oubre Jr.","PHI",71,242,2025
"Quentin Grimes","PHI",82,220,2025
"Devin Booker","PHO",183,551,2025
"Royce O'Neale","PHO",179,441,2025
"Tyus Jones","PHO",166,401,2025
"Kevin Durant","PHO",160,372,2025
"Grayson Allen","PHO",149,350,2025
"Anfernee Simons","POR",215,593,2025
"Shaedon Sharpe","POR",147,472,2025
"Toumani Camara","POR",135,360,2025
"Deni Avdija","POR",125,342,2025
"Scoot Henderson","POR",105,297,2025
"Keegan Murray","SAC",154,449,2025
"Malik Monk","SAC",139,428,2025
"Keon Ellis","SAC",139,321,2025
"De'Aaron Fox","SAC",92,286,2025
"DeMar DeRozan","SAC",84,256,2025
"Julian Champagnie","SAS",178,480,2025
"Devin Vassell","SAS",158,429,2025
"Victor Wembanyama","SAS",142,403,2025
"Chris Paul","SAS",140,371,2025
"Harrison Barnes","SAS",156,360,2025
"Gradey Dick","TOR",114,326,2025
"RJ Barrett","TOR",107,306,2025
"Scottie Barnes","TOR",76,280,2025
"Jamison Battle","TOR",105,259,2025
"Ochai Agbaji","TOR",101,253,2025
"Keyonte George","UTA",174,507,2025
"Lauri Markkanen","UTA",138,399,2025
"Brice Sensabaugh","UTA",157,372,2025
"Johnny Juzang","UTA",118,314,2025
"Collin Sexton","UTA",110,271,2025
"Jordan Poole","WAS",235,622,2025
"Bub Carrington","WAS",138,407,2025
"Kyshawn George","WAS",114,354,2025
"Alex Sarr","WAS",105,341,2025
"Corey Kispert","WAS",120,330,2025
